criterion,solar_peak_power_kw,battery_capacity_kwh,investment_cost_eur,annual_savings_eur,payback_years,self_sufficiency,grid_import_kwh,solar_surplus_kwh
best_payback,3.0,0.0,3500.0,736.444086525428,4.75256718607537,0.3157783750192402,25510.346436666667,7925.404326666667
best_self_sufficiency,3.0,5.0,6000.0,879.5276788214161,6.821843296665905,0.43982715430366104,20885.343047333332,2786.511671851852
