criterion,solar_peak_power_kw,battery_capacity_kwh,investment_cost_eur,annual_savings_eur,payback_years,self_sufficiency,grid_import_kwh,annual_grid_import_kwh,solar_surplus_kwh
best_payback,3.0,0.0,3500.0,268.2288396543986,13.048559597504878,0.2521312910751866,924.3169133333333,11245.855778888888,190.04653000000002
best_self_sufficiency,3.0,5.0,6000.0,235.2638729377019,25.503278191755374,0.3391302240285502,816.7919103333334,9937.634909055556,70.57430444444444
