criterion,solar_peak_power_kw,battery_capacity_kwh,investment_cost_eur,annual_savings_eur,payback_years,self_sufficiency,grid_import_kwh,solar_surplus_kwh
best_payback,1.5,0.0,2150.0,433.48743807165613,4.959774635140873,0.4932046390186936,117.29238544866324,182.8530423150751
best_self_sufficiency,2.0,5.0,5100.0,563.169068291731,9.055895089319987,0.9945193661809111,1.2684342910456796,150.35996372326724
