criterion,solar_peak_power_kw,battery_capacity_kwh,investment_cost_eur,annual_savings_eur,payback_years,self_sufficiency,grid_import_kwh,solar_surplus_kwh
best_payback,2.0,0.0,2600.0,300.27352525727326,8.658772023848355,0.30175138231957843,160.8724048271479,153.9380632725354
best_self_sufficiency,3.0,5.0,6000.0,560.6257931162238,10.702325996542465,0.8902604924384714,25.283341834054454,113.8647327157982
