criterion,solar_peak_power_kw,battery_capacity_kwh,investment_cost_eur,annual_savings_eur,payback_years,self_sufficiency,grid_import_kwh,solar_surplus_kwh
best_payback,1.5,0.0,2150.0,428.9422637097456,5.012329588149073,0.48451324902352766,118.38666974723324,185.72670366085634
best_self_sufficiency,1.5,5.0,4650.0,558.8392508101838,8.32081854175169,0.9941554234788431,1.342265245638122,52.62836748369711
