criterion,solar_peak_power_kw,battery_capacity_kwh,investment_cost_eur,annual_savings_eur,payback_years,self_sufficiency,grid_import_kwh,solar_surplus_kwh
best_payback,2.0,0.0,2600.0,300.6209217384636,8.648765977312674,0.30258716642229455,160.7422592904787,153.71842376914844
best_self_sufficiency,3.0,5.0,6000.0,560.8435617685703,10.69817041507891,0.8906726776253371,25.19816090927124,113.77516874187175
