model,mae,rmse
Random Forest,0.33679276775640093,0.4886322806483934
Linear_Regression,0.3755057994131633,0.5240789504304082
