model,mae,rmse
Random Forest,0.041841903099041976,0.052050648374286704
Linear_Regression,0.05106823663971594,0.06395243730281255
