feature,importance
consumption_kwh_lag_1,0.7333618926822135
hour,0.09357079266392519
consumption_kwh_lag_24,0.07723044720162649
day,0.05666931717982545
weekday,0.035621669056647286
is_weekend,0.003545881215762056
month,0.0
