feature,importance
consumption_kwh_lag_1,0.6228545976563583
hour,0.1147523758311545
consumption_kwh_lag_24,0.11154420858297968
day,0.06234665173346273
month,0.045990549404297705
weekday,0.035973857054835336
is_weekend,0.006537759736911826
