model,mae,rmse
Random Forest,0.5436663488095236,0.7470845882164573
Linear_Regression,0.592100012780001,0.7644030238922224
