criterion,solar_peak_power_kw,battery_capacity_kwh,investment_cost_eur,annual_savings_eur,payback_years,self_sufficiency,grid_import_kwh,solar_surplus_kwh
best_payback,2.0,0.0,2600.0,551.6370047337083,4.713244357591815,0.3045534128942169,4877.6064375,530.0685976666666
best_self_sufficiency,3.0,5.0,6000.0,865.3646165836656,6.933493564466655,0.4995953570964752,3509.6540163333334,396.85931481481475
